generations,mutation_rate,score
200,0.2,6942.0
200,0.3,6866.0
200,0.4,6843.640449438202
200,0.5,6821.2808988764045
